STATE_NAME,Lg_Dist_Code,DISTRICT_NAME,MICRO_MANUFACTURING,SMALL_MANUFACTURING,MEDIUM_MANUFACTURING,TOTAL_MANUFACTURING,MICRO_SERVICE,SMALL_SERVICE,MEDIUM_SERVICE,TOTAL_SERVICE,TOTAL
ANDHRA PRADESH,745,Alluri Sitharama Raju,1418,4,NA,1422,405,5,NA,410,1832
ANDHRA PRADESH,744,Anakapalli,7908,86,2,7996,2875,26,2,2903,10899
ANDHRA PRADESH,502,ANANTHAPUR,33925,633,24,34582,10470,358,32,10860,45442
ANDHRA PRADESH,753,Annamayya,9035,96,4,9135,2986,19,NA,3005,12140
ANDHRA PRADESH,750,Bapatla,8631,92,1,8724,2206,23,3,2232,10956
ANDHRA PRADESH,503,CHITOOR,26870,692,28,27590,8756,359,37,9152,36742
ANDHRA PRADESH,505,EAST GODAVARI,34655,1213,85,35953,9961,648,96,10705,46658
ANDHRA PRADESH,748,Eluru,11597,133,5,11735,2636,58,3,2697,14432
ANDHRA PRADESH,506,GUNTUR,37169,1255,90,38514,10154,1336,157,11647,50161
ANDHRA PRADESH,746,Kakinada,11978,153,10,12141,2608,48,2,2658,14799
ANDHRA PRADESH,747,Konaseema,9654,130,5,9789,3148,31,6,3185,12974
ANDHRA PRADESH,510,KRISHNA,41521,1732,129,43382,11711,908,101,12720,56102
ANDHRA PRADESH,511,KURNOOL,31673,736,31,32440,6286,307,34,6627,39067
ANDHRA PRADESH,755,Nandyal,11085,115,2,11202,1975,22,1,1998,13200
ANDHRA PRADESH,749,NTR,14001,200,8,14209,3842,71,7,3920,18129
ANDHRA PRADESH,751,Palnadu,10047,111,1,10159,2012,48,2,2062,12221
ANDHRA PRADESH,743,Parvathipuram Manyam,2525,28,1,2554,525,14,NA,539,3093
ANDHRA PRADESH,517,PRAKASAM,26333,624,16,26973,7151,389,45,7585,34558
ANDHRA PRADESH,515,SPSR NELLORE,30251,819,45,31115,7996,467,49,8512,39627
ANDHRA PRADESH,754,Sri Sathya Sai,7968,66,2,8036,5523,38,1,5562,13598
ANDHRA PRADESH,519,SRIKAKULAM,15977,397,10,16384,4833,221,15,5069,21453
ANDHRA PRADESH,752,Tirupati,13134,130,6,13270,4176,43,4,4223,17493
ANDHRA PRADESH,520,VISAKHAPATNAM,40901,1648,124,42673,8279,660,110,9049,51722
ANDHRA PRADESH,521,VIZIANAGARAM,15833,322,8,16163,3197,155,20,3372,19535
ANDHRA PRADESH,523,WEST GODAVARI,34147,1338,126,35611,7794,696,76,8566,44177
ANDHRA PRADESH,504,Y.S.R,25101,608,13,25722,5845,282,22,6149,31871
ARUNACHAL PRADESH,628,ANJAW,56,NA,NA,56,21,NA,NA,21,77
ARUNACHAL PRADESH,229,CHANGLANG,324,4,NA,328,309,12,NA,321,649
ARUNACHAL PRADESH,230,DIBANG VALLEY,54,1,NA,55,13,NA,NA,13,68
ARUNACHAL PRADESH,231,EAST KAMENG,151,5,NA,156,61,NA,NA,61,217
ARUNACHAL PRADESH,232,EAST SIANG,424,10,NA,434,159,7,NA,166,600
ARUNACHAL PRADESH,718,KAMLE,70,NA,NA,70,38,NA,NA,38,108
ARUNACHAL PRADESH,677,KRA DAADI,65,NA,NA,65,28,1,NA,29,94
ARUNACHAL PRADESH,233,KURUNG KUMEY,85,1,NA,86,30,NA,NA,30,116
ARUNACHAL PRADESH,724,LEPARADA,70,NA,NA,70,26,NA,NA,26,96
ARUNACHAL PRADESH,234,LOHIT,304,6,NA,310,133,7,NA,140,450
ARUNACHAL PRADESH,666,LONGDING,75,3,NA,78,35,NA,NA,35,113
ARUNACHAL PRADESH,235,LOWER DIBANG VALLEY,255,4,NA,259,88,2,NA,90,349
ARUNACHAL PRADESH,719,LOWER SIANG,59,1,NA,60,42,2,NA,44,104
ARUNACHAL PRADESH,236,LOWER SUBANSIRI,437,8,1,446,336,1,NA,337,783
ARUNACHAL PRADESH,678,NAMSAI,316,2,NA,318,148,2,NA,150,468
ARUNACHAL PRADESH,723,PAKKE KESSANG,28,NA,NA,28,16,NA,NA,16,44
ARUNACHAL PRADESH,237,PAPUM PARE,2638,105,10,2753,902,39,6,947,3700
ARUNACHAL PRADESH,725,SHI YOMI,26,NA,NA,26,4,NA,NA,4,30
ARUNACHAL PRADESH,679,SIANG,46,NA,NA,46,26,1,1,28,74
ARUNACHAL PRADESH,238,TAWANG,244,5,NA,249,96,3,1,100,349
ARUNACHAL PRADESH,239,TIRAP,103,2,NA,105,44,2,NA,46,151
ARUNACHAL PRADESH,240,UPPER SIANG,64,3,NA,67,34,1,NA,35,102
ARUNACHAL PRADESH,241,UPPER SUBANSIRI,220,6,NA,226,58,NA,NA,58,284
ARUNACHAL PRADESH,242,WEST KAMENG,623,7,NA,630,136,8,NA,144,774
ARUNACHAL PRADESH,243,WEST SIANG,269,8,NA,277,95,6,NA,101,378
ASSAM,739,BAJALI,719,8,NA,727,345,1,NA,346,1073
ASSAM,616,BAKSA,4115,26,2,4143,2245,10,1,2256,6399
ASSAM,280,BARPETA,9840,162,8,10010,6752,45,1,6798,16808
ASSAM,705,Biswanath,3879,49,2,3930,2004,27,NA,2031,5961
ASSAM,281,BONGAIGAON,4481,120,8,4609,1948,20,1,1969,6578
ASSAM,282,CACHAR,18093,269,18,18380,7159,86,5,7250,25630
ASSAM,708,CHARAIDEO,2658,30,1,2689,1139,19,1,1159,3848
ASSAM,612,CHIRANG,2646,47,4,2697,1202,19,1,1222,3919
ASSAM,283,DARRANG,10111,144,1,10256,2589,26,4,2619,12875
ASSAM,284,DHEMAJI,4916,69,1,4986,3434,23,NA,3457,8443
ASSAM,285,DHUBRI,7106,123,6,7235,3434,27,1,3462,10697
ASSAM,286,DIBRUGARH,11949,269,13,12231,4148,137,3,4288,16519
ASSAM,299,DIMA HASAO,1046,10,NA,1056,510,6,1,517,1573
ASSAM,287,GOALPARA,5945,104,5,6054,2555,22,NA,2577,8631
ASSAM,288,GOLAGHAT,7970,129,4,8103,3087,82,2,3171,11274
ASSAM,289,HAILAKANDI,4719,36,2,4757,1865,16,1,1882,6639
ASSAM,709,HOJAI,5242,100,2,5344,1844,15,1,1860,7204
ASSAM,290,JORHAT,8566,240,14,8820,3306,110,9,3425,12245
ASSAM,291,KAMRUP,13114,261,18,13393,8959,188,24,9171,22564
ASSAM,618,KAMRUP METRO,26970,1809,195,28974,7348,531,96,7975,36949
ASSAM,292,KARBI-ANGELONG,2967,47,NA,3014,1140,17,2,1159,4173
ASSAM,293,KARIMGANJ,7643,140,1,7784,2436,28,2,2466,10250
ASSAM,294,KOKRAJHAR,4782,72,4,4858,2623,14,2,2639,7497
ASSAM,295,LAKHIMPUR,7926,139,9,8074,4179,35,4,4218,12292
ASSAM,706,MAJULI,1079,7,NA,1086,415,NA,NA,415,1501
ASSAM,296,MARIGAON,5887,68,2,5957,2576,21,NA,2597,8554
ASSAM,297,NAGAON,12341,235,10,12586,5391,96,7,5494,18080
ASSAM,298,NALBARI,8531,82,2,8615,7527,26,2,7555,16170
ASSAM,300,SIVASAGAR,8094,179,8,8281,3048,51,2,3101,11382
ASSAM,301,SONITPUR,10014,156,16,10186,4118,81,3,4202,14388
ASSAM,707,SOUTH SALMARA MANCACHAR,742,11,NA,753,360,3,NA,363,1116
ASSAM,756,TAMULPUR,325,2,NA,327,144,1,NA,145,472
ASSAM,302,TINSUKIA,11798,271,9,12078,4116,159,3,4278,16356
ASSAM,617,UDALGURI,4731,43,NA,4774,2445,37,NA,2482,7256
ASSAM,710,WEST KARBI ANGLONG,504,1,NA,505,269,NA,NA,269,774
BIHAR,188,ARARIA,15393,325,13,15731,4815,57,6,4878,20609
BIHAR,611,ARWAL,2904,40,NA,2944,1027,12,NA,1039,3983
BIHAR,189,AURANGABAD,13054,227,4,13285,4857,67,2,4926,18211
BIHAR,190,BANKA,10159,93,1,10253,3973,28,1,4002,14255
BIHAR,191,BEGUSARAI,19577,346,14,19937,7385,96,14,7495,27432
BIHAR,192,BHAGALPUR,22936,385,16,23337,8842,80,7,8929,32266
BIHAR,193,BHOJPUR,12457,250,7,12714,4201,67,3,4271,16985
BIHAR,194,BUXAR,8437,156,4,8597,2914,42,5,2961,11558
BIHAR,195,DARBHANGA,21421,384,15,21820,6468,50,7,6525,28345
BIHAR,196,GAYA,23045,458,17,23520,11111,125,6,11242,34762
BIHAR,197,GOPALGANJ,12580,199,9,12788,6312,35,5,6352,19140
BIHAR,198,JAMUI,9331,123,1,9455,3142,19,2,3163,12618
BIHAR,199,JEHANABAD,5344,72,2,5418,1839,22,1,1862,7280
BIHAR,200,KAIMUR (BHABUA),6436,148,2,6586,2733,127,4,2864,9450
BIHAR,201,KATIHAR,17505,337,8,17850,4577,38,4,4619,22469
BIHAR,202,KHAGARIA,9301,161,4,9466,4459,40,12,4511,13977
BIHAR,203,KISHANGANJ,7714,148,7,7869,2231,23,1,2255,10124
BIHAR,204,LAKHISARAI,4678,71,NA,4749,1846,31,2,1879,6628
BIHAR,205,MADHEPURA,10690,194,5,10889,3309,17,NA,3326,14215
BIHAR,206,MADHUBANI,21311,280,7,21598,7112,44,NA,7156,28754
BIHAR,207,MUNGER,8477,86,3,8566,2843,12,NA,2855,11421
BIHAR,208,MUZAFFARPUR,38506,786,35,39327,12272,139,17,12428,51755
BIHAR,209,NALANDA,15600,267,3,15870,6455,80,2,6537,22407
BIHAR,210,NAWADA,10681,172,7,10860,4527,44,2,4573,15433
BIHAR,211,PASHCHIM  CHAMPARAN,19442,291,4,19737,5873,73,1,5947,25684
BIHAR,212,PATNA,79882,2075,178,82135,23365,665,76,24106,106241
BIHAR,213,PURBI  CHAMPARAN,32334,622,97,33053,9374,100,10,9484,42537
BIHAR,214,PURNIA,25065,702,53,25820,6767,110,7,6884,32704
BIHAR,215,ROHTAS,16190,379,8,16577,5441,98,3,5542,22119
BIHAR,216,SAHARSA,10761,167,6,10934,3486,34,NA,3520,14454
BIHAR,217,SAMASTIPUR,27545,447,11,28003,8045,67,6,8118,36121
BIHAR,218,SARAN,19102,315,9,19426,6766,35,2,6803,26229
BIHAR,219,SHEIKHPURA,4079,56,NA,4135,1363,9,1,1373,5508
BIHAR,220,SHEOHAR,3300,24,NA,3324,1293,3,1,1297,4621
BIHAR,221,SITAMARHI,16332,265,4,16601,6372,40,4,6416,23017
BIHAR,222,SIWAN,16131,306,4,16441,6391,52,2,6445,22886
BIHAR,223,SUPAUL,13763,187,5,13955,3696,33,1,3730,17685
BIHAR,224,VAISHALI,24652,292,8,24952,9428,81,7,9516,34468
CHHATTISGARH,646,BALOD,5993,72,3,6068,1092,30,2,1124,7192
CHHATTISGARH,644,BALOD BAZAR,9033,128,2,9163,1791,249,7,2047,11210
CHHATTISGARH,649,BALRAMPUR,2713,37,NA,2750,506,16,NA,522,3272
CHHATTISGARH,374,BASTAR,5853,136,4,5993,930,45,4,979,6972
CHHATTISGARH,650,BEMETARA,5257,66,1,5324,1142,30,2,1174,6498
CHHATTISGARH,636,BIJAPUR,899,7,NA,906,269,5,NA,274,1180
CHHATTISGARH,375,BILASPUR,21662,631,41,22334,5354,253,42,5649,27983
CHHATTISGARH,376,DANTEWADA,1714,34,NA,1748,423,10,NA,433,2181
CHHATTISGARH,377,DHAMTARI,7280,123,1,7404,1650,142,5,1797,9201
CHHATTISGARH,378,DURG,25670,616,56,26342,6068,457,85,6610,32952
CHHATTISGARH,645,GARIABAND,4049,30,1,4080,535,16,2,553,4633
CHHATTISGARH,734,Gaurella Pendra Marwahi,1190,18,1,1209,382,11,NA,393,1602
CHHATTISGARH,379,JANJGIR-CHAMPA,10662,179,5,10846,2944,108,7,3059,13905
CHHATTISGARH,380,JASHPUR,3478,85,5,3568,606,21,2,629,4197
CHHATTISGARH,382,KABIRDHAM,4547,98,2,4647,1323,30,NA,1353,6000
CHHATTISGARH,381,KANKER,6169,84,2,6255,853,26,NA,879,7134
CHHATTISGARH,759,KHAIRGARH CHHUIKHADAN GANDAI,811,5,NA,816,373,1,NA,374,1190
CHHATTISGARH,643,KONDAGAON,3419,70,2,3491,595,16,NA,611,4102
CHHATTISGARH,383,KORBA,11417,299,42,11758,1900,83,8,1991,13749
CHHATTISGARH,384,KOREA,3603,62,1,3666,819,17,NA,836,4502
CHHATTISGARH,385,MAHASAMUND,8161,127,2,8290,1698,86,2,1786,10076
CHHATTISGARH,760,MANENDRAGARH CHIRIMIRI BHARATPUR,833,11,NA,844,166,1,NA,167,1011
CHHATTISGARH,761,MOHLA MANPUR AMBAGARH CHOUKI,268,NA,NA,268,77,1,NA,78,346
CHHATTISGARH,647,MUNGELI,3894,39,NA,3933,946,24,1,971,4904
CHHATTISGARH,637,NARAYANPUR,977,11,NA,988,132,2,NA,134,1122
CHHATTISGARH,386,RAIGARH,12052,418,42,12512,2179,149,48,2376,14888
CHHATTISGARH,387,RAIPUR,47653,2137,293,50083,9896,1150,269,11315,61398
CHHATTISGARH,388,RAJNANDAGAON,10997,230,5,11232,2448,156,13,2617,13849
CHHATTISGARH,762,SAKTI,1049,14,NA,1063,325,7,NA,332,1395
CHHATTISGARH,763,SARANGARH BILAIGARH,1092,5,NA,1097,249,1,NA,250,1347
CHHATTISGARH,642,SUKMA,833,20,1,854,163,6,NA,169,1023
CHHATTISGARH,648,SURAJPUR,3917,70,1,3988,583,16,5,604,4592
CHHATTISGARH,389,SURGUJA,7086,211,10,7307,1387,55,3,1445,8752
GOA,551,NORTH GOA,21143,498,40,21681,4026,253,32,4311,25992
GOA,552,SOUTH GOA,13624,365,18,14007,2781,202,32,3015,17022
GUJARAT,438,AHMADABAD,207426,6654,721,214801,106460,9241,1133,116834,331635
GUJARAT,439,AMRELI,10516,279,13,10808,3866,218,60,4144,14952
GUJARAT,440,ANAND,25685,390,21,26096,8697,458,38,9193,35289
GUJARAT,672,ARVALLI,6324,140,3,6467,1684,116,7,1807,8274
GUJARAT,441,BANAS KANTHA,22865,812,46,23723,10367,475,36,10878,34601
GUJARAT,442,BHARUCH,26790,837,47,27674,7549,989,107,8645,36319
GUJARAT,443,BHAVNAGAR,28586,664,48,29298,12508,879,163,13550,42848
GUJARAT,676,BOTAD,4105,104,6,4215,1979,137,36,2152,6367
GUJARAT,668,CHHOTAUDEPUR,4279,58,2,4339,865,35,10,910,5249
GUJARAT,444,DANG,799,13,1,813,178,1,NA,179,992
GUJARAT,674,DEVBHOOMI DWARKA,6618,172,5,6795,1437,95,7,1539,8334
GUJARAT,445,DOHAD,8578,177,15,8770,2366,116,7,2489,11259
GUJARAT,446,GANDHINAGAR,23630,533,33,24196,8399,886,117,9402,33598
GUJARAT,675,GIR SOMNATH,9744,309,5,10058,3054,196,5,3255,13313
GUJARAT,447,JAMNAGAR,23135,784,53,23972,12363,929,112,13404,37376
GUJARAT,448,JUNAGADH,19100,412,16,19528,6440,539,45,7024,26552
GUJARAT,449,KACHCHH,43164,2074,195,45433,12964,1027,146,14137,59570
GUJARAT,450,KHEDA,17770,264,7,18041,5305,312,38,5655,23696
GUJARAT,451,MAHESANA,21821,892,68,22781,7004,1103,226,8333,31114
GUJARAT,669,MAHISAGAR,3639,48,NA,3687,989,30,3,1022,4709
GUJARAT,673,MORBI,18795,765,39,19599,7914,1899,459,10272,29871
GUJARAT,452,NARMADA,2922,55,1,2978,522,14,NA,536,3514
GUJARAT,453,NAVSARI,14404,264,10,14678,6168,291,23,6482,21160
GUJARAT,454,PANCH MAHALS,10742,186,8,10936,2849,214,28,3091,14027
GUJARAT,455,PATAN,9356,253,8,9617,3295,187,23,3505,13122
GUJARAT,456,PORBANDAR,7672,213,10,7895,1968,127,9,2104,9999
GUJARAT,457,RAJKOT,81978,2036,224,84238,63570,4149,438,68157,152395
GUJARAT,458,SABAR KANTHA,14345,304,14,14663,3680,346,60,4086,18749
GUJARAT,459,SURAT,143826,3836,340,148002,152193,11605,876,164674,312676
GUJARAT,460,SURENDRANAGAR,14107,303,12,14422,6752,405,36,7193,21615
GUJARAT,641,TAPI,4377,105,4,4486,1034,73,5,1112,5598
GUJARAT,461,VADODARA,89693,2119,164,91976,26726,1920,288,28934,120910
GUJARAT,462,VALSAD,34718,975,49,35742,9890,1233,172,11295,47037
HARYANA,58,AMBALA,23798,575,27,24400,8572,455,39,9066,33466
HARYANA,59,BHIWANI,18149,427,15,18591,5895,402,44,6341,24932
HARYANA,701,CHARKI DADRI,3316,84,1,3401,1022,57,1,1080,4481
HARYANA,60,FARIDABAD,49538,1638,139,51315,22282,2339,293,24914,76229
HARYANA,61,FATEHABAD,15634,343,11,15988,4875,180,26,5081,21069
HARYANA,62,GURUGRAM,65389,3078,389,68856,15734,1928,323,17985,86841
HARYANA,63,HISAR,33260,854,57,34171,9105,526,70,9701,43872
HARYANA,64,JHAJJAR,13613,401,12,14026,4564,703,58,5325,19351
HARYANA,65,JIND,21284,461,20,21765,6728,270,24,7022,28787
HARYANA,66,KAITHAL,22946,355,11,23312,6840,284,48,7172,30484
HARYANA,67,KARNAL,39599,770,46,40415,13110,857,130,14097,54512
HARYANA,68,KURUKSHETRA,26369,434,15,26818,7087,287,16,7390,34208
HARYANA,69,MAHENDRAGARH,12640,277,10,12927,3192,127,7,3326,16253
HARYANA,604,NUH,9273,223,10,9506,1537,80,6,1623,11129
HARYANA,619,PALWAL,13243,296,6,13545,2894,169,28,3091,16636
HARYANA,70,PANCHKULA,14043,532,39,14614,3701,379,31,4111,18725
HARYANA,71,PANIPAT,27443,1019,51,28513,14736,1732,129,16597,45110
HARYANA,72,REWARI,14354,547,40,14941,3890,213,26,4129,19070
HARYANA,73,ROHTAK,17661,599,34,18294,5529,373,38,5940,24234
HARYANA,74,SIRSA,22845,500,35,23380,6932,247,49,7228,30608
HARYANA,75,SONIPAT,23942,618,40,24600,7823,1143,154,9120,33720
HARYANA,76,YAMUNANAGAR,26345,544,22,26911,8278,693,32,9003,35914
HIMACHAL PRADESH,15,BILASPUR,5368,87,4,5459,880,13,3,896,6355
HIMACHAL PRADESH,16,CHAMBA,4496,56,1,4553,745,15,1,761,5314
HIMACHAL PRADESH,17,HAMIRPUR,6279,98,5,6382,1315,21,NA,1336,7718
HIMACHAL PRADESH,18,KANGRA,17573,341,16,17930,3381,119,15,3515,21445
HIMACHAL PRADESH,19,KINNAUR,1319,19,NA,1338,286,1,NA,287,1625
HIMACHAL PRADESH,20,KULLU,8587,127,NA,8714,1548,19,2,1569,10283
HIMACHAL PRADESH,21,LAHUL AND SPITI,578,NA,NA,578,54,NA,NA,54,632
HIMACHAL PRADESH,22,MANDI,11486,192,10,11688,2296,45,NA,2341,14029
HIMACHAL PRADESH,23,SHIMLA,14118,265,13,14396,2105,56,3,2164,16560
HIMACHAL PRADESH,24,SIRMAUR,6720,101,5,6826,1278,220,79,1577,8403
HIMACHAL PRADESH,25,SOLAN,17163,432,34,17629,3909,708,162,4779,22408
HIMACHAL PRADESH,26,UNA,7176,113,4,7293,1756,111,15,1882,9175
JHARKHAND,322,BOKARO ,23087,374,22,23483,5787,108,14,5909,29392
JHARKHAND,323,CHATRA,7162,58,NA,7220,1991,15,2,2008,9228
JHARKHAND,324,DEOGHAR,10887,198,13,11098,2864,49,5,2918,14016
JHARKHAND,325,DHANBAD,30354,624,31,31009,7078,267,24,7369,38378
JHARKHAND,326,DUMKA,6744,109,9,6862,1806,36,2,1844,8706
JHARKHAND,327,EAST SINGHBHUM,30542,910,44,31496,6745,247,25,7017,38513
JHARKHAND,328,GARHWA ,6678,92,2,6772,1103,14,2,1119,7891
JHARKHAND,329,GIRIDIH,17829,226,5,18060,3856,60,6,3922,21982
JHARKHAND,330,GODDA,6422,90,4,6516,2284,13,NA,2297,8813
JHARKHAND,331,GUMLA ,3893,64,1,3958,1072,8,NA,1080,5038
JHARKHAND,332,HAZARIBAG ,18662,258,9,18929,6245,63,9,6317,25246
JHARKHAND,333,JAMTARA,3524,38,NA,3562,1006,12,NA,1018,4580
JHARKHAND,606,KHUNTI ,2638,27,NA,2665,544,8,NA,552,3217
JHARKHAND,334,KODERMA ,8438,119,3,8560,2015,22,5,2042,10602
JHARKHAND,335,LATEHAR,3975,39,2,4016,709,11,1,721,4737
JHARKHAND,336,LOHARDAGA ,3725,53,1,3779,963,6,2,971,4750
JHARKHAND,337,PAKUR ,4126,58,NA,4184,918,22,2,942,5126
JHARKHAND,338,PALAMU,9872,179,7,10058,2024,35,4,2063,12121
JHARKHAND,607,RAMGARH ,11599,195,9,11803,2833,50,10,2893,14696
JHARKHAND,339,RANCHI ,48181,1232,93,49506,11084,367,44,11495,61001
JHARKHAND,340,SAHEBGANJ,5280,81,4,5365,1448,39,3,1490,6855
JHARKHAND,341,SERAIKELA-KHARSAWAN  ,8477,166,13,8656,2648,239,46,2933,11589
JHARKHAND,342,SIMDEGA ,2501,39,NA,2540,463,6,1,470,3010
JHARKHAND,343,WEST SINGHBHUM,7823,133,NA,7956,1237,31,6,1274,9230
KARNATAKA,524,BAGALKOT,19348,338,9,19695,7297,133,10,7440,27135
KARNATAKA,528,BALLARI,24378,779,56,25213,4817,356,56,5229,30442
KARNATAKA,527,BELAGAVI,58171,907,42,59120,23955,512,54,24521,83641
KARNATAKA,526,BENGALURU (RURAL),44172,827,64,45063,15239,885,133,16257,61320
KARNATAKA,525,BENGALURU (URBAN),229054,9380,1026,239460,82038,5976,779,88793,328253
KARNATAKA,529,BIDAR,17290,250,14,17554,3985,120,17,4122,21676
KARNATAKA,531,CHAMARAJNAGAR,9091,175,2,9268,2084,50,2,2136,11404
KARNATAKA,630,CHIKBALLAPUR,13618,249,10,13877,4700,106,6,4812,18689
KARNATAKA,532,CHIKKAMAGALURU,13976,313,15,14304,3850,104,12,3966,18270
KARNATAKA,533,CHITRADURGA,14756,313,17,15086,3499,145,10,3654,18740
KARNATAKA,534,DAKSHIN KANNAD,37487,994,61,38542,11353,436,59,11848,50390
KARNATAKA,535,DAVANGERE,20560,511,22,21093,5530,186,15,5731,26824
KARNATAKA,536,DHARWAD,37202,835,46,38083,10850,380,46,11276,49359
KARNATAKA,537,GADAG,12178,233,5,12416,2835,86,7,2928,15344
KARNATAKA,539,HASSAN,21973,535,8,22516,7300,190,19,7509,30025
KARNATAKA,540,HAVERI,17594,359,17,17970,4088,120,13,4221,22191
KARNATAKA,538,KALABURAGI,20623,507,29,21159,4464,242,18,4724,25883
KARNATAKA,541,KODAGU,7842,177,8,8027,1633,54,18,1705,9732
KARNATAKA,542,KOLAR,16262,354,15,16631,4058,207,24,4289,20920
KARNATAKA,543,KOPPAL,11812,412,11,12235,2520,183,18,2721,14956
KARNATAKA,544,MANDYA,19408,345,3,19756,5020,162,4,5186,24942
KARNATAKA,545,MYSURU,47155,1059,49,48263,13870,442,52,14364,62627
KARNATAKA,546,RAICHUR,17212,614,15,17841,3360,276,57,3693,21534
KARNATAKA,631,RAMANAGARA,12929,205,7,13141,5406,210,20,5636,18777
KARNATAKA,547,SHIVAMOGGA,25454,573,33,26060,7493,162,18,7673,33733
KARNATAKA,548,TUMAKURU,29916,586,21,30523,9759,446,43,10248,40771
KARNATAKA,549,UDUPI,22767,432,17,23216,6690,348,39,7077,30293
KARNATAKA,550,UTTAR KANNAD,21851,285,7,22143,5993,122,4,6119,28262
KARNATAKA,738,VIJAYANAGAR,5233,127,1,5361,782,25,NA,807,6168
KARNATAKA,530,VIJAYAPURA,23880,525,31,24436,5626,165,15,5806,30242
KARNATAKA,635,YADGIR,10422,208,4,10634,2119,64,11,2194,12828
KERALA,554,ALAPPUZHA,20624,520,15,21159,8019,252,21,8292,29451
KERALA,555,ERNAKULAM,49032,2419,199,51650,19719,1526,169,21414,73064
KERALA,556,IDUKKI,11294,343,14,11651,3911,114,8,4033,15684
KERALA,557,KANNUR,26594,648,34,27276,7723,237,23,7983,35259
KERALA,558,KASARAGOD,11514,260,10,11784,4843,129,10,4982,16766
KERALA,559,KOLLAM,23346,763,22,24131,9231,357,30,9618,33749
KERALA,560,KOTTAYAM,19222,705,38,19965,7036,297,43,7376,27341
KERALA,561,KOZHIKODE,33554,901,79,34534,12591,324,48,12963,47497
KERALA,562,MALAPPURAM,27455,809,48,28312,11065,385,22,11472,39784
KERALA,563,PALAKKAD,28494,619,36,29149,11622,370,50,12042,41191
KERALA,564,PATHANAMTHIPTA,12488,306,17,12811,3926,74,5,4005,16816
KERALA,565,THIRUVANANTHAPURAM,44867,1044,66,45977,15801,272,30,16103,62080
KERALA,566,THRISSUR,31683,936,57,32676,15264,556,80,15900,48576
KERALA,567,WAYANAD,8939,198,6,9143,3285,88,13,3386,12529
MADHYA PRADESH,667,AGAR MALWA,7847,118,3,7968,1453,34,NA,1487,9455
MADHYA PRADESH,639,ALIRAJPUR,2806,50,NA,2856,837,13,NA,850,3706
MADHYA PRADESH,390,ANUPPUR,4813,55,3,4871,923,11,1,935,5806
MADHYA PRADESH,391,ASHOKNAGAR,5714,105,4,5823,1421,68,NA,1489,7312
MADHYA PRADESH,392,BALAGHAT,15549,192,7,15748,3636,124,5,3765,19513
MADHYA PRADESH,393,BARWANI,10848,191,2,11041,2467,101,28,2596,13637
MADHYA PRADESH,394,BETUL,13793,225,9,14027,3086,49,4,3139,17166
MADHYA PRADESH,395,BHIND,7856,110,2,7968,2474,55,3,2532,10500
MADHYA PRADESH,396,BHOPAL,51563,1277,89,52929,12920,657,73,13650,66579
MADHYA PRADESH,397,BURHANPUR,7347,106,6,7459,2542,149,9,2700,10159
MADHYA PRADESH,398,CHHATARPUR,10879,251,3,11133,2707,87,3,2797,13930
MADHYA PRADESH,399,CHHINDWARA,24135,373,15,24523,4818,122,23,4963,29486
MADHYA PRADESH,400,DAMOH,7629,147,4,7780,1650,29,1,1680,9460
MADHYA PRADESH,401,DATIA,5471,65,NA,5536,1392,52,2,1446,6982
MADHYA PRADESH,402,DEWAS,21102,269,9,21380,5225,192,23,5440,26820
MADHYA PRADESH,403,DHAR,23727,411,24,24162,5874,351,69,6294,30456
MADHYA PRADESH,404,DINDORI,3558,21,NA,3579,875,8,NA,883,4462
MADHYA PRADESH,405,EAST NIMAR,11036,210,10,11256,2207,127,27,2361,13617
MADHYA PRADESH,406,GUNA,12699,243,5,12947,3299,86,5,3390,16337
MADHYA PRADESH,407,GWALIOR,35287,858,46,36191,11808,410,41,12259,48450
MADHYA PRADESH,408,HARDA,6222,123,5,6350,1450,39,4,1493,7843
MADHYA PRADESH,409,HOSHANGABAD,12093,279,12,12384,2695,106,21,2822,15206
MADHYA PRADESH,410,INDORE,80843,2531,232,83606,29780,2576,297,32653,116259
MADHYA PRADESH,411,JABALPUR,32320,728,48,33096,9521,359,31,9911,43007
MADHYA PRADESH,412,JHABUA,6655,115,3,6773,1789,38,8,1835,8608
MADHYA PRADESH,413,KATNI,11527,270,15,11812,2748,262,40,3050,14862
MADHYA PRADESH,414,KHARGONE,17969,295,8,18272,4683,160,20,4863,23135
MADHYA PRADESH,784,Maihar,6,NA,NA,6,NA,NA,NA,NA,6
MADHYA PRADESH,415,MANDLA,7420,79,NA,7499,1482,64,2,1548,9047
MADHYA PRADESH,416,MANDSAUR,23358,307,2,23667,5748,165,12,5925,29592
MADHYA PRADESH,766,MAUGANJ,36,NA,NA,36,6,NA,NA,6,42
MADHYA PRADESH,417,MORENA,12179,218,10,12407,3603,109,26,3738,16145
MADHYA PRADESH,418,NARSINGHPUR,9451,213,5,9669,2907,79,15,3001,12670
MADHYA PRADESH,419,NEEMUCH,13131,197,10,13338,3061,140,15,3216,16554
MADHYA PRADESH,722,NIWARI,1320,26,NA,1346,371,15,NA,386,1732
MADHYA PRADESH,785,Pandhurna,4,NA,NA,4,1,NA,NA,1,5
MADHYA PRADESH,420,PANNA,5446,57,1,5504,1213,20,NA,1233,6737
MADHYA PRADESH,421,RAISEN,12076,247,2,12325,2467,145,27,2639,14964
MADHYA PRADESH,422,RAJGARH,21501,295,4,21800,4926,92,7,5025,26825
MADHYA PRADESH,423,RATLAM,20997,385,17,21399,5504,247,30,5781,27180
MADHYA PRADESH,424,REWA,19283,276,7,19566,4216,96,5,4317,23883
MADHYA PRADESH,425,SAGAR,19835,367,14,20216,5192,119,11,5322,25538
MADHYA PRADESH,426,SATNA,17504,362,20,17886,4240,133,12,4385,22271
MADHYA PRADESH,427,SEHORE,17498,260,5,17763,4611,108,7,4726,22489
MADHYA PRADESH,428,SEONI,11805,204,7,12016,2572,67,2,2641,14657
MADHYA PRADESH,429,SHAHDOL,8123,143,2,8268,1824,37,1,1862,10130
MADHYA PRADESH,430,SHAJAPUR,14060,218,3,14281,3325,77,4,3406,17687
MADHYA PRADESH,431,SHEOPUR,2363,94,1,2458,755,21,NA,776,3234
MADHYA PRADESH,432,SHIVPURI,10249,233,3,10485,3342,122,7,3471,13956
MADHYA PRADESH,433,SIDHI,5962,78,3,6043,1330,14,NA,1344,7387
MADHYA PRADESH,638,SINGRAULI,7813,169,6,7988,1574,47,1,1622,9610
MADHYA PRADESH,434,TIKAMGARH,5292,96,2,5390,1476,59,7,1542,6932
MADHYA PRADESH,435,UJJAIN,30959,566,18,31543,8551,284,18,8853,40396
MADHYA PRADESH,436,UMARIA,3542,47,NA,3589,555,4,1,560,4149
MADHYA PRADESH,437,VIDISHA,14485,255,4,14744,3436,121,5,3562,18306
MAHARASHTRA,466,AHMEDNAGAR,103788,1450,72,105310,28966,732,71,29769,135079
MAHARASHTRA,467,AKOLA,30048,404,26,30478,8140,380,56,8576,39054
MAHARASHTRA,468,AMRAVATI,42705,613,21,43339,12556,334,43,12933,56272
MAHARASHTRA,469,AURANGABAD,116103,1343,88,117534,32980,1038,173,34191,151725
MAHARASHTRA,470,BEED,39942,459,21,40422,10126,208,30,10364,50786
MAHARASHTRA,471,BHANDARA,18190,158,6,18354,4845,88,7,4940,23294
MAHARASHTRA,472,BULDHANA,37718,489,18,38225,9201,214,38,9453,47678
MAHARASHTRA,473,CHANDRAPUR,27478,480,28,27986,6281,170,36,6487,34473
MAHARASHTRA,474,DHULE,26194,430,25,26649,6172,230,35,6437,33086
MAHARASHTRA,475,GADCHIROLI,10127,137,4,10268,2301,54,3,2358,12626
MAHARASHTRA,476,GONDIA,18960,301,17,19278,5235,239,9,5483,24761
MAHARASHTRA,477,HINGOLI,14204,221,10,14435,3169,71,7,3247,17682
MAHARASHTRA,478,JALGAON,65518,1004,50,66572,18338,608,52,18998,85570
MAHARASHTRA,479,JALNA,38842,459,34,39335,9525,180,51,9756,49091
MAHARASHTRA,480,KOLHAPUR,95352,1276,104,96732,52047,1897,193,54137,150869
MAHARASHTRA,481,LATUR,40679,585,44,41308,10744,285,57,11086,52394
MAHARASHTRA,482,MUMBAI ,176085,8538,1431,186054,56602,6509,1323,64434,250488
MAHARASHTRA,483,MUMBAI SUBURBAN,215296,5760,853,221909,62011,3976,613,66600,288509
MAHARASHTRA,484,NAGPUR,122446,2719,263,125428,35485,1688,255,37428,162856
MAHARASHTRA,485,NAN DED,45449,707,28,46184,10685,199,34,10918,57102
MAHARASHTRA,486,NANDURBAR,13181,223,5,13409,3535,91,12,3638,17047
MAHARASHTRA,487,NASHIK,136487,2421,146,139054,40167,1697,201,42065,181119
MAHARASHTRA,488,OSMANABAD,31423,250,5,31678,8353,83,10,8446,40124
MAHARASHTRA,665,PALGHAR,87470,722,44,88236,30205,1455,119,31779,120015
MAHARASHTRA,489,PARBHANI,25749,330,8,26087,6147,94,25,6266,32353
MAHARASHTRA,490,PUNE,429047,7334,643,437024,115383,5846,783,122012,559036
MAHARASHTRA,491,RAIGAD,103023,1428,108,104559,19582,620,85,20287,124846
MAHARASHTRA,492,RATNAGIRI,34593,249,8,34850,12006,129,9,12144,46994
MAHARASHTRA,493,SANGLI,65631,968,45,66644,20292,573,74,20939,87583
MAHARASHTRA,494,SATARA,71848,705,21,72574,21486,392,47,21925,94499
MAHARASHTRA,495,SINDHUDURG,17897,121,NA,18018,8464,71,2,8537,26555
MAHARASHTRA,496,SOLAPUR,99339,1179,71,100589,29496,562,59,30117,130706
MAHARASHTRA,497,THANE,309088,5423,482,314993,80367,4680,481,85528,400521
MAHARASHTRA,498,WARDHA,22626,245,9,22880,7468,163,75,7706,30586
MAHARASHTRA,499,WASHIM,14437,227,15,14679,3346,56,13,3415,18094
MAHARASHTRA,500,YAVATMAL,29598,428,18,30044,7067,173,40,7280,37324
MANIPUR,252,BISHNUPUR,3104,22,NA,3126,2512,5,NA,2517,5643
MANIPUR,253,CHANDEL,565,1,NA,566,458,3,NA,461,1027
MANIPUR,254,CHURACHANDPUR,1584,13,NA,1597,1009,6,NA,1015,2612
MANIPUR,255,IMPHAL EAST,6760,82,4,6846,7202,31,2,7235,14081
MANIPUR,256,IMPHAL WEST,9216,222,15,9453,7464,66,NA,7530,16983
MANIPUR,713,JIRIBAM,166,NA,NA,166,85,1,NA,86,252
MANIPUR,711,KAKCHING,902,11,NA,913,922,1,NA,923,1836
MANIPUR,717,KAMJONG,94,NA,NA,94,168,NA,NA,168,262
MANIPUR,712,KANGPOKPI,769,NA,NA,769,402,1,NA,403,1172
MANIPUR,714,NONEY,93,2,NA,95,107,NA,NA,107,202
MANIPUR,715,PHERZAWL,6,NA,NA,6,4,NA,NA,4,10
MANIPUR,257,SENAPATI,1658,10,NA,1668,1036,6,NA,1042,2710
MANIPUR,258,TAMENGLONG,361,1,2,364,252,3,NA,255,619
MANIPUR,716,TENGNOUPAL,350,NA,NA,350,456,NA,NA,456,806
MANIPUR,259,THOUBAL,3361,24,NA,3385,3499,12,NA,3511,6896
MANIPUR,260,UKHRUL,590,4,NA,594,641,3,NA,644,1238
MEGHALAYA,273,EAST GARO HILLS,507,5,NA,512,152,1,NA,153,665
MEGHALAYA,657,EAST JAINTIA HILLS,884,24,NA,908,160,3,NA,163,1071
MEGHALAYA,274,EAST KHASI HILLS,4463,150,16,4629,844,38,3,885,5514
MEGHALAYA,740,EASTERN WEST KHASI HILLS,145,NA,NA,145,27,NA,NA,27,172
MEGHALAYA,656,NORTH GARO HILLS,399,NA,NA,399,186,NA,NA,186,585
MEGHALAYA,276,RI BHOI,1208,19,8,1235,288,45,10,343,1578
MEGHALAYA,277,SOUTH GARO HILLS,333,4,NA,337,119,2,NA,121,458
MEGHALAYA,663,SOUTH WEST  GARO HILLS,575,4,NA,579,192,NA,NA,192,771
MEGHALAYA,658,SOUTH WEST KHASI HILLS,229,2,1,232,144,NA,NA,144,376
MEGHALAYA,278,WEST GARO HILLS,2409,38,2,2449,541,12,NA,553,3002
MEGHALAYA,275,WEST JAINTIA HILLS,1352,7,NA,1359,270,1,NA,271,1630
MEGHALAYA,279,WEST KHASI HILLS,490,4,NA,494,145,1,1,147,641
MIZORAM,261,AIZAWL,8083,103,6,8192,1873,33,1,1907,10099
MIZORAM,262,CHAMPHAI,1192,10,NA,1202,334,2,NA,336,1538
MIZORAM,726,Hnahthial,173,NA,NA,173,79,NA,NA,79,252
MIZORAM,728,Khawzawl,251,1,NA,252,45,NA,NA,45,297
MIZORAM,263,KOLASIB,1292,9,NA,1301,366,8,NA,374,1675
MIZORAM,264,LAWNGTLAI,470,1,NA,471,132,NA,NA,132,603
MIZORAM,265,LUNGLEI,1651,7,NA,1658,433,3,NA,436,2094
MIZORAM,266,MAMIT,463,1,NA,464,153,NA,NA,153,617
MIZORAM,267,SAIHA,235,1,NA,236,54,1,NA,55,291
MIZORAM,727,Saitual,351,NA,NA,351,116,NA,NA,116,467
MIZORAM,268,SERCHHIP,697,5,1,703,496,1,NA,497,1200
NAGALAND,758,Chumoukedima,478,2,NA,480,330,2,NA,332,812
NAGALAND,244,DIMAPUR,4153,92,9,4254,1900,33,2,1935,6189
NAGALAND,614,KIPHRIE,359,NA,NA,359,246,1,NA,247,606
NAGALAND,245,KOHIMA,2115,22,NA,2137,740,10,NA,750,2887
NAGALAND,615,LONGLENG,197,NA,NA,197,231,NA,NA,231,428
NAGALAND,246,MOKOKCHUNG,793,6,NA,799,430,7,NA,437,1236
NAGALAND,247,MON,679,1,NA,680,365,2,NA,367,1047
NAGALAND,764,Niuland,86,1,NA,87,155,NA,1,156,243
NAGALAND,736,Noklak,119,NA,NA,119,83,NA,NA,83,202
NAGALAND,613,PEREN,549,NA,NA,549,193,NA,NA,193,742
NAGALAND,248,PHEK,615,NA,NA,615,663,NA,NA,663,1278
NAGALAND,765,Shamator,31,NA,NA,31,5,NA,NA,5,36
NAGALAND,757,Tseminyu,148,NA,NA,148,105,NA,NA,105,253
NAGALAND,249,TUENSANG,513,NA,NA,513,322,NA,NA,322,835
NAGALAND,250,WOKHA,564,2,NA,566,416,4,NA,420,986
NAGALAND,251,ZUNHEBOTO,537,2,NA,539,727,1,NA,728,1267
ODISHA,344,ANGUL,12478,368,32,12878,2433,68,4,2505,15383
ODISHA,345,BALANGIR,9521,206,5,9732,2855,112,9,2976,12708
ODISHA,346,BALESHWAR,17718,439,11,18168,5065,138,14,5217,23385
ODISHA,347,BARGARH,9563,232,10,9805,3541,110,7,3658,13463
ODISHA,348,BHADRAK,10702,198,10,10910,3627,56,5,3688,14598
ODISHA,349,BOUDH,2862,42,1,2905,804,12,2,818,3723
ODISHA,350,CUTTACK,31646,914,66,32626,9634,296,31,9961,42587
ODISHA,351,DEOGARH,2019,23,NA,2042,646,3,NA,649,2691
ODISHA,352,DHENKANAL,8933,155,5,9093,2661,60,1,2722,11815
ODISHA,353,GAJAPATI,2923,44,2,2969,677,12,NA,689,3658
ODISHA,354,GANJAM,28500,607,16,29123,9022,229,10,9261,38384
ODISHA,355,JAGATSINGHPUR,11389,228,4,11621,2348,36,1,2385,14006
ODISHA,356,JAJAPUR,15240,415,22,15677,4262,90,13,4365,20042
ODISHA,357,JHARSUGUDA,7080,271,20,7371,1254,65,9,1328,8699
ODISHA,358,KALAHANDI,8558,218,7,8783,1903,76,2,1981,10764
ODISHA,359,KANDHAMAL,4398,41,1,4440,933,3,1,937,5377
ODISHA,360,KENDRAPARA,9379,136,3,9518,2747,22,2,2771,12289
ODISHA,361,KENDUJHAR,15810,460,47,16317,2893,48,13,2954,19271
ODISHA,362,KHORDHA,45523,1593,147,47263,11905,495,67,12467,59730
ODISHA,363,KORAPUT,7674,174,6,7854,1979,75,2,2056,9910
ODISHA,364,MALKANGIRI  ,3050,63,1,3114,716,11,NA,727,3841
ODISHA,365,MAYURBHANJ,13013,252,5,13270,3686,70,2,3758,17028
ODISHA,366,NABARANGPUR,4240,124,4,4368,819,27,3,849,5217
ODISHA,367,NAYAGARH,7790,106,5,7901,2365,31,2,2398,10299
ODISHA,368,NUAPADA,3373,61,2,3436,783,15,NA,798,4234
ODISHA,369,PURI,17618,198,7,17823,6375,54,2,6431,24254
ODISHA,370,RAYAGADA,5672,136,2,5810,1603,36,1,1640,7450
ODISHA,371,SAMBALPUR,10811,333,20,11164,2687,125,10,2822,13986
ODISHA,372,SONEPUR,3762,61,1,3824,1488,38,1,1527,5351
ODISHA,373,SUNDARGARH,19023,682,72,19777,4262,271,69,4602,24379
PUNJAB,27,AMRITSAR,46188,1040,51,47279,17138,838,66,18042,65321
PUNJAB,605,BARNALA,11499,209,5,11713,4503,100,5,4608,16321
PUNJAB,28,BATHINDA,27225,674,42,27941,8811,301,25,9137,37078
PUNJAB,29,FARIDKOT,12368,181,4,12553,4160,86,19,4265,16818
PUNJAB,30,FATEHGARH SAHIB,11744,797,117,12658,3688,409,195,4292,16950
PUNJAB,651,FAZILKA,15165,272,19,15456,3685,125,30,3840,19296
PUNJAB,31,FIROZEPUR,16610,221,7,16838,5159,96,13,5268,22106
PUNJAB,32,GURDASPUR,21194,307,15,21516,6178,169,10,6357,27873
PUNJAB,33,HOSHIARPUR,25907,390,8,26305,6646,173,10,6829,33134
PUNJAB,34,JALANDHAR,57276,1106,93,58475,19724,986,90,20800,79275
PUNJAB,35,KAPURTHALA,18370,241,9,18620,5356,151,18,5525,24145
PUNJAB,36,LUDHIANA,90109,2789,214,93112,52958,5058,542,58558,151670
PUNJAB,737,MALERKOTLA,3765,37,NA,3802,1790,20,1,1811,5613
PUNJAB,37,MANSA,10805,201,4,11010,4357,98,12,4467,15477
PUNJAB,38,MOGA,20348,282,8,20638,6895,114,14,7023,27661
PUNJAB,662,PATHANKOT,9879,229,6,10114,2075,77,3,2155,12269
PUNJAB,41,PATIALA,45605,739,36,46380,15750,455,79,16284,62664
PUNJAB,42,RUPNAGAR,11591,207,7,11805,2868,69,6,2943,14748
PUNJAB,43,SANGRUR,24317,470,9,24796,10273,417,45,10735,35531
PUNJAB,608,SAS NAGAR,46329,955,83,47367,11264,767,71,12102,59469
PUNJAB,40,SHAHID BHAGAT SINGH NAGAR,11911,143,2,12056,3555,42,3,3600,15656
PUNJAB,39,SRI MUKTSAR SAHIB,14160,278,5,14443,4831,146,18,4995,19438
PUNJAB,609,TARN TARAN,12248,127,NA,12375,4662,33,5,4700,17075
RAJASTHAN,86,AJMER,54712,876,53,55641,23173,1063,65,24301,79942
RAJASTHAN,87,ALWAR,54092,1057,44,55193,16429,1059,180,17668,72861
RAJASTHAN,776,Anoopgarh,188,NA,NA,188,59,NA,NA,59,247
RAJASTHAN,775,Balotra,134,NA,NA,134,62,1,NA,63,197
RAJASTHAN,88,BANSWARA,13380,155,3,13538,3779,62,4,3845,17383
RAJASTHAN,89,BARAN,11521,248,15,11784,3668,76,10,3754,15538
RAJASTHAN,90,BARMER,26617,505,20,27142,11264,739,48,12051,39193
RAJASTHAN,774,Beawar,212,4,NA,216,83,NA,NA,83,299
RAJASTHAN,91,BHARATPUR,18127,344,9,18480,6659,218,40,6917,25397
RAJASTHAN,92,BHILWARA,47115,647,36,47798,20834,895,93,21822,69620
RAJASTHAN,93,BIKANER,45866,948,43,46857,18180,785,66,19031,65888
RAJASTHAN,94,BUNDI,12906,171,4,13081,5093,81,16,5190,18271
RAJASTHAN,95,CHITTORGARH,26844,425,17,27286,9236,223,17,9476,36762
RAJASTHAN,96,CHURU,27070,265,4,27339,12076,159,13,12248,39587
RAJASTHAN,97,DAUSA,17778,202,7,17987,7711,107,4,7822,25809
RAJASTHAN,767,Deeg,112,NA,NA,112,22,NA,NA,22,134
RAJASTHAN,98,DHOLPUR,6266,97,4,6367,2228,63,8,2299,8666
RAJASTHAN,768,Didwana Kuchaman,306,4,NA,310,129,1,NA,130,440
RAJASTHAN,769,Dudu,74,NA,NA,74,20,NA,NA,20,94
RAJASTHAN,99,DUNGARPUR,11979,107,NA,12086,2947,28,2,2977,15063
RAJASTHAN,100,GANGANAGAR,41634,705,45,42384,12364,306,59,12729,55113
RAJASTHAN,771,Gangapurcity,102,1,NA,103,32,NA,NA,32,135
RAJASTHAN,101,HANUMANGARH,30094,343,18,30455,9595,195,42,9832,40287
RAJASTHAN,102,JAIPUR,203924,4451,411,208786,104443,4701,477,109621,318407
RAJASTHAN,783,Jaipur Gramin,603,2,NA,605,270,1,NA,271,876
RAJASTHAN,103,JAISALMER,8450,124,1,8575,3552,50,1,3603,12178
RAJASTHAN,104,JALORE,15222,241,3,15466,5999,135,5,6139,21605
RAJASTHAN,105,JHALAWAR,16320,264,5,16589,4560,91,5,4656,21245
RAJASTHAN,106,JHUNJHUNU,31364,321,12,31697,10123,136,10,10269,41966
RAJASTHAN,107,JODHPUR,66362,1412,84,67858,36061,1667,131,37859,105717
RAJASTHAN,778,Jodhpur Gramin,132,NA,NA,132,51,NA,NA,51,183
RAJASTHAN,108,KARAULI,8587,122,3,8712,2898,39,2,2939,11651
RAJASTHAN,781,Kekri,52,NA,NA,52,14,NA,NA,14,66
RAJASTHAN,770,Khairthal-Tijara,106,1,NA,107,27,NA,NA,27,134
RAJASTHAN,109,KOTA,37160,912,66,38138,12319,500,47,12866,51004
RAJASTHAN,782,Kotputli-Behror,191,1,NA,192,60,NA,NA,60,252
RAJASTHAN,110,NAGAUR,41156,544,21,41721,17715,407,22,18144,59865
RAJASTHAN,773,Neem Ka Thana,256,NA,NA,256,64,NA,NA,64,320
RAJASTHAN,111,PALI,29988,429,20,30437,13620,630,34,14284,44721
RAJASTHAN,772,Phalodi,177,1,NA,178,58,1,NA,59,237
RAJASTHAN,629,PRATAPGARH,7884,83,NA,7967,2566,44,1,2611,10578
RAJASTHAN,112,RAJSAMAND,18478,194,4,18676,8791,228,4,9023,27699
RAJASTHAN,777,Salumbar,59,NA,NA,59,14,NA,NA,14,73
RAJASTHAN,779,Sanchor,86,NA,NA,86,29,NA,NA,29,115
RAJASTHAN,113,SAWAI MADHOPUR,12681,209,6,12896,3665,53,NA,3718,16614
RAJASTHAN,780,Shahpura,44,NA,NA,44,13,NA,NA,13,57
RAJASTHAN,114,SIKAR,44028,498,26,44552,15758,307,10,16075,60627
RAJASTHAN,115,SIROHI,13511,173,7,13691,4078,149,8,4235,17926
RAJASTHAN,116,TONK,17468,301,5,17774,6493,137,24,6654,24428
RAJASTHAN,117,UDAIPUR,47632,873,68,48573,15625,659,75,16359,64932
SIKKIM,225,Gangtok,3559,84,9,3652,786,18,2,806,4458
SIKKIM,228,Gyalshing,752,8,NA,760,84,NA,NA,84,844
SIKKIM,226,Mangan,407,5,NA,412,77,1,NA,78,490
SIKKIM,227,Namchi,1330,13,NA,1343,204,7,2,213,1556
SIKKIM,741,Pakyong,596,6,NA,602,144,NA,NA,144,746
SIKKIM,742,Soreng,248,1,1,250,35,NA,NA,35,285
TAMIL NADU,610,ARIYALUR,12662,136,4,12802,4569,29,4,4602,17404
TAMIL NADU,730,Chengalpattu,38186,312,7,38505,7931,128,10,8069,46574
TAMIL NADU,568,CHENNAI,196042,6882,770,203694,47972,3608,488,52068,255762
TAMIL NADU,569,COIMBATORE,106750,2322,193,109265,57104,3485,408,60997,170262
TAMIL NADU,570,CUDDALORE,42538,456,23,43017,14741,237,17,14995,58012
TAMIL NADU,571,DHARMAPURI,32065,297,6,32368,11739,116,8,11863,44231
TAMIL NADU,572,DINDIGUL,43472,568,19,44059,15515,366,44,15925,59984
TAMIL NADU,573,ERODE,44685,914,45,45644,29860,1283,116,31259,76903
TAMIL NADU,729,Kallakurichi,11497,115,4,11616,3571,57,6,3634,15250
TAMIL NADU,574,KANCHIPURAM,53361,926,89,54376,16774,1159,177,18110,72486
TAMIL NADU,575,KANNIYAKUMARI,38027,524,18,38569,16681,271,26,16978,55547
TAMIL NADU,576,KARUR,16465,286,13,16764,8944,396,26,9366,26130
TAMIL NADU,577,KRISHNAGIRI,38416,639,26,39081,17411,630,64,18105,57186
TAMIL NADU,578,MADURAI,70403,1158,73,71634,25256,730,57,26043,97677
TAMIL NADU,735,Mayiladuthurai,11697,87,NA,11784,2706,18,1,2725,14509
TAMIL NADU,579,NAGAPATTINAM,16240,133,NA,16373,4399,45,1,4445,20818
TAMIL NADU,580,NAMAKKAL,34171,815,67,35053,20119,862,104,21085,56138
TAMIL NADU,581,PERAMBALUR,8863,118,3,8984,2342,62,6,2410,11394
TAMIL NADU,582,PUDUKKOTTAI,29368,280,8,29656,8671,173,15,8859,38515
TAMIL NADU,583,RAMANATHAPURAM,20768,187,5,20960,6799,94,6,6899,27859
TAMIL NADU,731,Ranipet,16614,112,2,16728,8681,70,1,8752,25480
TAMIL NADU,584,SALEM,64931,1231,64,66226,50653,1192,103,51948,118174
TAMIL NADU,585,SIVAGANGA,23630,208,5,23843,6554,107,13,6674,30517
TAMIL NADU,733,Tenkasi,16477,163,5,16645,6224,91,1,6316,22961
TAMIL NADU,586,THANJAVUR,44206,580,23,44809,11490,165,16,11671,56480
TAMIL NADU,587,THE NILGIRISH,11629,103,8,11740,3659,124,2,3785,15525
TAMIL NADU,588,THENI,25313,325,7,25645,8258,199,28,8485,34130
TAMIL NADU,589,THIRUVALLUR,66777,980,67,67824,21388,1170,124,22682,90506
TAMIL NADU,590,THIRUVARUR,21449,189,9,21647,5086,48,6,5140,26787
TAMIL NADU,591,TIRUCHIRAPPALLI,54051,787,41,54879,15722,389,26,16137,71016
TAMIL NADU,592,TIRUNELVELI,36943,525,21,37489,12934,352,17,13303,50792
TAMIL NADU,732,Tirupathur,14307,66,NA,14373,6987,44,2,7033,21406
TAMIL NADU,634,TIRUPPUR,48991,1136,50,50177,56243,3787,354,60384,110561
TAMIL NADU,593,TIRUVANNAMALAI,30558,303,13,30874,12790,243,8,13041,43915
TAMIL NADU,594,TUTICORIN,34217,558,38,34813,10483,361,33,10877,45690
TAMIL NADU,595,VELLORE,38240,559,30,38829,18061,377,37,18475,57304
TAMIL NADU,596,VILLUPURAM,36771,400,15,37186,11430,248,15,11693,48879
TAMIL NADU,597,VIRUDHUNAGAR,32563,485,22,33070,20995,793,98,21886,54956
TELANGANA,501,ADILABAD,10623,146,4,10773,2190,49,20,2259,13032
TELANGANA,690,BHADRADRI KOTHAGUDEM,10279,180,9,10468,2172,47,2,2221,12689
TELANGANA,686,Hanumakonda,18301,485,29,18815,3771,226,26,4023,22838
TELANGANA,507,HYDERABAD,100796,5618,742,107156,25174,2755,624,28553,135709
TELANGANA,681,Jagitial,11263,131,2,11396,3452,66,3,3521,14917
TELANGANA,689,JANGOAN,5515,69,1,5585,1657,37,3,1697,7282
TELANGANA,687,JAYASHANKAR BHUPALAPALLY,3809,40,2,3851,701,14,1,716,4567
TELANGANA,695,JOGULAMBA GADWAL,4741,89,1,4831,1402,37,4,1443,6274
TELANGANA,685,KAMAREDDY,10554,140,1,10695,2065,53,5,2123,12818
TELANGANA,508,KARIMNAGAR,23358,398,14,23770,6446,265,21,6732,30502
TELANGANA,509,KHAMMAM,19774,452,16,20242,3695,126,19,3840,24082
TELANGANA,699,KOMARAM BHEEM ASIFABAD,4959,46,1,5006,1269,21,7,1297,6303
TELANGANA,688,MAHABUBABAD,7873,85,4,7962,1053,57,6,1116,9078
TELANGANA,512,MAHABUBNAGAR,16368,227,8,16603,2897,119,20,3036,19639
TELANGANA,684,MANCHERIAL,11562,131,4,11697,2799,40,5,2844,14541
TELANGANA,513,MEDAK,9719,147,4,9870,1893,155,22,2070,11940
TELANGANA,700,MEDCHAL MALKAJGIRI,48245,1400,105,49750,21858,1866,191,23915,73665
TELANGANA,720,Mulugu,2077,28,NA,2105,419,6,1,426,2531
TELANGANA,694,NAGARKURNOOL,7417,114,NA,7531,1450,34,6,1490,9021
TELANGANA,514,NALGONDA,27568,336,15,27919,5944,212,40,6196,34115
TELANGANA,721,Narayanpet,3228,38,NA,3266,797,12,2,811,4077
TELANGANA,680,Nirmal,9311,119,4,9434,3601,49,9,3659,13093
TELANGANA,516,NIZAMABAD,26612,361,13,26986,4976,151,12,5139,32125
TELANGANA,682,PEDDAPALLI,10803,145,3,10951,2316,86,6,2408,13359
TELANGANA,683,RAJANNA SIRCILLA,7750,63,1,7814,2640,40,1,2681,10495
TELANGANA,518,RANGA REDDI,65070,1910,179,67159,16039,1245,195,17479,84638
TELANGANA,691,SANGAREDDY,15812,311,7,16130,4094,328,70,4492,20622
TELANGANA,692,SIDDIPET,13558,195,10,13763,3217,158,12,3387,17150
TELANGANA,696,SURYAPET,16549,229,8,16786,2665,121,10,2796,19582
TELANGANA,698,VIKARABAD,9457,115,3,9575,2118,49,5,2172,11747
TELANGANA,693,WANAPARTHY,5495,73,NA,5568,1221,34,NA,1255,6823
TELANGANA,522,Warangal,10660,121,4,10785,2156,77,7,2240,13025
TELANGANA,697,YADADRI BHUVANAGIRI,9500,97,2,9599,3687,113,13,3813,13412
TRIPURA,269,DHALAI,1861,25,1,1887,1056,7,NA,1063,2950
TRIPURA,654,GOMATI,3223,35,NA,3258,2090,24,1,2115,5373
TRIPURA,652,KHOWAI,1770,15,NA,1785,1165,10,2,1177,2962
TRIPURA,270,NORTH TRIPURA,4201,60,NA,4261,1373,11,2,1386,5647
TRIPURA,653,SEPAHIJALA,2716,42,NA,2758,1413,19,4,1436,4194
TRIPURA,271,SOUTH TRIPURA,3100,41,NA,3141,1549,27,3,1579,4720
TRIPURA,655,UNAKOTI,2588,26,1,2615,1062,10,NA,1072,3687
TRIPURA,272,WEST TRIPURA,10246,335,26,10607,3599,104,23,3726,14333
UTTAR PRADESH,118,AGRA,51002,1319,128,52449,29070,1009,76,30155,82604
UTTAR PRADESH,119,ALIGARH,30008,688,54,30750,18771,428,39,19238,49988
UTTAR PRADESH,121,AMBEDAKAR NAGAR,11302,188,4,11494,5493,76,3,5572,17066
UTTAR PRADESH,640,AMETHI,9971,155,3,10129,3171,59,12,3242,13371
UTTAR PRADESH,154,AMROHA,9167,227,7,9401,4033,86,5,4124,13525
UTTAR PRADESH,122,AURAIYA,6620,121,1,6742,2294,31,NA,2325,9067
UTTAR PRADESH,140,AYODHYA,17616,346,13,17975,4452,77,5,4534,22509
UTTAR PRADESH,123,AZAMGARH,24851,348,12,25211,6596,50,NA,6646,31857
UTTAR PRADESH,124,BAGHPAT,14005,108,3,14116,5817,80,6,5903,20019
UTTAR PRADESH,125,BAHRAICH,11098,294,7,11399,2744,86,20,2850,14249
UTTAR PRADESH,126,BALLIA,15447,267,7,15721,4349,44,4,4397,20118
UTTAR PRADESH,127,BALRAMPUR,6332,118,5,6455,1425,27,1,1453,7908
UTTAR PRADESH,128,BANDA,6947,128,4,7079,2305,37,1,2343,9422
UTTAR PRADESH,129,BARABANKI,16227,330,12,16569,5598,158,24,5780,22349
UTTAR PRADESH,130,BAREILLY,35377,761,62,36200,13787,400,42,14229,50429
UTTAR PRADESH,131,BASTI,13101,285,14,13400,3369,52,6,3427,16827
UTTAR PRADESH,179,BHADOHI,10114,140,2,10256,6483,95,3,6581,16837
UTTAR PRADESH,132,BIJNOR,14751,334,10,15095,5543,124,7,5674,20769
UTTAR PRADESH,133,BUDAUN,10866,304,6,11176,4443,48,5,4496,15672
UTTAR PRADESH,134,BULANDSHAHAR,22122,454,22,22598,10161,246,27,10434,33032
UTTAR PRADESH,135,CHANDAULI,11041,191,18,11250,3324,106,15,3445,14695
UTTAR PRADESH,136,CHITRAKOOT,5008,87,11,5106,1935,16,NA,1951,7057
UTTAR PRADESH,137,DEORIA,19751,306,11,20068,5127,61,5,5193,25261
UTTAR PRADESH,138,ETAH,9091,236,14,9341,4710,76,4,4790,14131
UTTAR PRADESH,139,ETAWAH,9287,178,13,9478,4098,57,3,4158,13636
UTTAR PRADESH,141,FARRUKHABAD,9629,207,3,9839,3642,40,NA,3682,13521
UTTAR PRADESH,142,FATEHPUR,12009,214,5,12228,3259,62,2,3323,15551
UTTAR PRADESH,143,FIROZABAD,15780,220,8,16008,10685,177,23,10885,26893
UTTAR PRADESH,144,GAUTAM BUDDHA NAGAR,64795,1988,227,67010,21613,2458,379,24450,91460
UTTAR PRADESH,145,GHAZIABAD,70479,1960,201,72640,28682,1977,240,30899,103539
UTTAR PRADESH,146,GHAZIPUR,21976,240,4,22220,6346,53,2,6401,28621
UTTAR PRADESH,147,GONDA,14479,297,18,14794,3590,66,1,3657,18451
UTTAR PRADESH,148,GORAKHAPUR,35043,946,68,36057,11619,274,32,11925,47982
UTTAR PRADESH,149,HAMIRPUR,6493,123,4,6620,1747,33,2,1782,8402
UTTAR PRADESH,661,HAPUR,13689,287,12,13988,5733,327,31,6091,20079
UTTAR PRADESH,150,HARDOI,20198,284,8,20490,5294,93,10,5397,25887
UTTAR PRADESH,163,HATHRAS,10471,220,14,10705,5857,192,12,6061,16766
UTTAR PRADESH,151,JALAUN,6141,183,3,6327,2399,47,4,2450,8777
UTTAR PRADESH,152,JAUNPUR,26638,395,9,27042,6752,65,7,6824,33866
UTTAR PRADESH,153,JHANSI,17733,512,33,18278,5782,168,14,5964,24242
UTTAR PRADESH,155,KANNAUJ,7497,169,2,7668,3173,40,2,3215,10883
UTTAR PRADESH,156,KANPUR DEHAT,8255,134,6,8395,5808,142,19,5969,14364
UTTAR PRADESH,157,KANPUR NAGAR,54629,1882,159,56670,26521,1459,175,28155,84825
UTTAR PRADESH,633,KASGANJ,8083,178,1,8262,2072,37,5,2114,10376
UTTAR PRADESH,158,KAUSHAMBI,6451,98,2,6551,2146,27,NA,2173,8724
UTTAR PRADESH,160,KUSHINAGAR,16105,285,15,16405,3991,39,2,4032,20437
UTTAR PRADESH,159,LAKHIMPUR KHERI,15179,342,11,15532,3971,117,2,4090,19622
UTTAR PRADESH,161,LALITPUR,5564,121,12,5697,2266,50,5,2321,8018
UTTAR PRADESH,162,LUCKNOW,89338,2618,208,92164,22220,946,113,23279,115443
UTTAR PRADESH,164,MAHARAJGANJ,14505,232,9,14746,3516,60,4,3580,18326
UTTAR PRADESH,165,MAHOBA,5348,127,7,5482,1793,77,4,1874,7356
UTTAR PRADESH,166,MAINPURI,10466,210,4,10680,4895,65,5,4965,15645
UTTAR PRADESH,167,MATHURA,31021,507,36,31564,14431,376,30,14837,46401
UTTAR PRADESH,168,MAU,13042,187,3,13232,3961,34,1,3996,17228
UTTAR PRADESH,169,MEERUT,41677,887,49,42613,25000,790,83,25873,68486
UTTAR PRADESH,170,MIRZAPUR,14069,253,11,14333,6057,106,8,6171,20504
UTTAR PRADESH,171,MORADABAD,23387,533,24,23944,16952,467,20,17439,41383
UTTAR PRADESH,172,MUZAFFARNAGAR,23796,586,55,24437,8852,234,46,9132,33569
UTTAR PRADESH,173,PILIBHIT,10762,162,4,10928,5958,106,4,6068,16996
UTTAR PRADESH,174,PRATAPGARH,16366,262,6,16634,4657,29,1,4687,21321
UTTAR PRADESH,120,PRAYAGRAJ,42865,955,64,43884,12111,299,27,12437,56321
UTTAR PRADESH,175,RAE BARELI,18133,276,10,18419,4808,84,8,4900,23319
UTTAR PRADESH,176,RAMPUR,13812,237,12,14061,5537,245,9,5791,19852
UTTAR PRADESH,177,SAHARANPUR,29658,526,22,30206,13670,260,8,13938,44144
UTTAR PRADESH,659,SAMBHAL,9261,225,8,9494,4418,119,15,4552,14046
UTTAR PRADESH,178,SANT KABEER NAGAR,9849,148,7,10004,3466,32,6,3504,13508
UTTAR PRADESH,180,SHAHJAHANPUR,12802,340,13,13155,4760,153,23,4936,18091
UTTAR PRADESH,660,SHAMLI,9535,129,2,9666,3189,69,4,3262,12928
UTTAR PRADESH,181,SHRAVASTI,3048,39,NA,3087,811,10,NA,821,3908
UTTAR PRADESH,182,SIDDHARTHNAGAR,10376,188,5,10569,2469,25,NA,2494,13063
UTTAR PRADESH,183,SITAPUR,15837,324,3,16164,4231,98,10,4339,20503
UTTAR PRADESH,184,SONBHADRA,11162,270,17,11449,2834,56,4,2894,14343
UTTAR PRADESH,185,SULTANPUR,11526,224,6,11756,3444,45,NA,3489,15245
UTTAR PRADESH,186,UNNAO,12622,215,3,12840,3799,72,13,3884,16724
UTTAR PRADESH,187,VARANASI,44978,1239,99,46316,22431,537,77,23045,69361
UTTARAKHAND,45,ALMORA,6476,31,1,6508,1105,13,3,1121,7629
UTTARAKHAND,46,BAGESHWAR,2289,10,1,2300,509,11,NA,520,2820
UTTARAKHAND,47,CHAMOLI,4864,29,NA,4893,811,4,NA,815,5708
UTTARAKHAND,48,CHAMPAWAT,3003,29,NA,3032,667,14,1,682,3714
UTTARAKHAND,49,DEHRADUN,48320,950,56,49326,10192,339,39,10570,59896
UTTARAKHAND,50,HARIDWAR,26249,591,18,26858,7991,623,121,8735,35593
UTTARAKHAND,51,NAINITAL,16187,405,20,16612,3892,203,5,4100,20712
UTTARAKHAND,52,PAURI GARHWAL,6555,80,1,6636,1524,37,14,1575,8211
UTTARAKHAND,53,PITHORAGARH,4822,44,2,4868,1233,12,NA,1245,6113
UTTARAKHAND,54,RUDRA PRAYAG,2856,16,1,2873,520,1,NA,521,3394
UTTARAKHAND,55,TEHRI GARHWAL,5833,52,4,5889,1285,20,2,1307,7196
UTTARAKHAND,56,UDHAM SINGH NAGAR,27622,657,18,28297,8612,867,92,9571,37868
UTTARAKHAND,57,UTTARKASHI,3595,15,1,3611,731,7,NA,738,4349
WEST BENGAL,664,ALIPURDUAR,10082,146,9,10237,2510,51,3,2564,12801
WEST BENGAL,305,BANKURA,14451,297,9,14757,3850,107,10,3967,18724
WEST BENGAL,307,BIRBHUM,17369,399,10,17778,6795,182,19,6996,24774
WEST BENGAL,308,COOCHBEHAR,15657,315,8,15980,4896,47,4,4947,20927
WEST BENGAL,310,DAKSHIN DINAJPUR,8597,175,2,8774,2925,53,6,2984,11758
WEST BENGAL,309,DARJEELING,21377,1018,63,22458,3971,295,24,4290,26748
WEST BENGAL,317,EAST MEDINIPUR,35485,1034,44,36563,20406,394,15,20815,57378
WEST BENGAL,312,HOOGHLY,33037,820,31,33888,13758,355,39,14152,48040
WEST BENGAL,313,HOWRAH,31595,1063,56,32714,19950,1097,102,21149,53863
WEST BENGAL,314,JALPAIGURI,17044,458,20,17522,4128,239,17,4384,21906
WEST BENGAL,703,Jhargram,4406,64,1,4471,1129,22,NA,1151,5622
WEST BENGAL,702,KALIMPONG,2176,24,NA,2200,483,6,NA,489,2689
WEST BENGAL,315,KOLKOTA,60230,5684,813,66727,24568,3956,691,29215,95942
WEST BENGAL,316,MALDA,22523,438,11,22972,7039,139,8,7186,30158
WEST BENGAL,319,MURSHIDABAD,37076,763,32,37871,11322,210,18,11550,49421
WEST BENGAL,320,NADIA,26918,577,17,27512,10670,134,3,10807,38319
WEST BENGAL,303,NORTH 24 PRAGANAS,69235,1658,105,70998,29358,755,67,30180,101178
WEST BENGAL,704,PASCHIM BARDHAMAN,25406,885,62,26353,4993,249,42,5284,31637
WEST BENGAL,306,PURBA BARDHAMAN,30923,654,22,31599,10793,493,40,11326,42925
WEST BENGAL,321,PURULIA,10505,206,4,10715,2892,76,4,2972,13687
WEST BENGAL,304,SOUTH 24 PRAGANAS,44147,867,48,45062,19109,389,27,19525,64587
WEST BENGAL,311,UTTAR DINAJPUR,18167,483,8,18658,3999,178,12,4189,22847
WEST BENGAL,318,WEST MEDINIPUR,30555,715,28,31298,8003,190,20,8213,39511
ANDAMAN AND NICOBAR ISLANDS,603,NIKOBARS,239,2,NA,241,77,NA,NA,77,318
ANDAMAN AND NICOBAR ISLANDS,632,NORTH AND MIDDLE ANDAMAN,1300,12,NA,1312,390,2,NA,392,1704
ANDAMAN AND NICOBAR ISLANDS,602,SOUTH ANDAMANS,7106,172,8,7286,1601,42,2,1645,8931
CHANDIGARH,44,CHANDIGARH,26406,1178,112,27696,5412,464,66,5942,33638
DELHI,77,CENTRAL,21703,2468,280,24451,11744,1521,234,13499,37950
DELHI,78,EAST,38819,1823,179,40821,16691,1490,128,18309,59130
DELHI,79,NEW DELHI,25444,1605,225,27274,9816,980,181,10977,38251
DELHI,80,NORTH,20525,1629,175,22329,12519,1614,189,14322,36651
DELHI,81,NORTH EAST,23010,625,54,23689,12189,482,36,12707,36396
DELHI,82,NORTH WEST,64639,2895,419,67953,30713,3551,343,34607,102560
DELHI,671,SHAHDARA,4812,172,15,4999,3225,216,15,3456,8455
DELHI,83,SOUTH ,45706,2709,366,48781,12558,1328,234,14120,62901
DELHI,670,SOUTH EAST,12114,509,64,12687,4205,240,44,4489,17176
DELHI,84,SOUTH WEST,41537,1911,236,43684,11145,954,105,12204,55888
DELHI,85,WEST,49444,2125,231,51800,20241,1705,149,22095,73895
JAMMU AND KASHMIR,1,ANANTNAG,26425,234,11,26670,7589,74,2,7665,34335
JAMMU AND KASHMIR,623,BANDIPORA,5632,24,1,5657,4937,5,1,4943,10600
JAMMU AND KASHMIR,3,BARAMULLA,17436,145,4,17585,9346,40,1,9387,26972
JAMMU AND KASHMIR,2,BUDGAM,16419,94,2,16515,14942,50,2,14994,31509
JAMMU AND KASHMIR,4,DODA,7387,31,1,7419,1790,9,NA,1799,9218
JAMMU AND KASHMIR,626,GANDERBAL,8589,39,2,8630,7915,7,1,7923,16553
JAMMU AND KASHMIR,5,JAMMU,36084,1112,68,37264,5512,286,31,5829,43093
JAMMU AND KASHMIR,7,KATHUA,12120,135,3,12258,2515,98,16,2629,14887
JAMMU AND KASHMIR,620,KISHTWAR,4938,22,NA,4960,619,3,NA,622,5582
JAMMU AND KASHMIR,622,KULGAM,9461,50,3,9514,2486,6,NA,2492,12006
JAMMU AND KASHMIR,8,KUPWARA,12426,54,2,12482,3974,11,3,3988,16470
JAMMU AND KASHMIR,10,POONCH,5796,44,NA,5840,1200,13,NA,1213,7053
JAMMU AND KASHMIR,11,PULWAMA,16349,154,10,16513,7376,107,7,7490,24003
JAMMU AND KASHMIR,12,RAJOURI,7625,78,1,7704,1377,19,1,1397,9101
JAMMU AND KASHMIR,621,RAMBAN,6042,27,NA,6069,833,9,NA,842,6911
JAMMU AND KASHMIR,627,REASI,4864,32,NA,4896,686,10,NA,696,5592
JAMMU AND KASHMIR,624,SAMBA,6943,115,6,7064,1745,136,32,1913,8977
JAMMU AND KASHMIR,625,SHOPIAN,6993,73,1,7067,1659,10,2,1671,8738
JAMMU AND KASHMIR,13,SRINAGAR,33985,646,39,34670,18221,234,16,18471,53141
JAMMU AND KASHMIR,14,UDHAMPUR,8091,102,2,8195,1313,21,1,1335,9530
LADAKH,6,KARGIL,2239,18,NA,2257,997,9,NA,1006,3263
LADAKH,9,LEH LADAKH,4589,62,2,4653,1302,17,NA,1319,5972
LAKSHADWEEP,553,LAKSHADWEEP DISTRICT,620,NA,NA,620,112,NA,NA,112,732
PUDUCHERRY,598,KARAIKAL,4154,69,2,4225,767,17,2,786,5011
PUDUCHERRY,599,MAHE,289,20,3,312,93,7,NA,100,412
PUDUCHERRY,600,PONDICHERRY,20498,376,32,20906,4936,288,35,5259,26165
PUDUCHERRY,601,YANAM,258,17,3,278,151,13,4,168,446
THE DADRA AND NAGAR HAVELI AND DAMAN AND DIU,465,DADRA AND NAGAR HAVELLI,2436,21,1,2458,483,21,3,507,2965
THE DADRA AND NAGAR HAVELI AND DAMAN AND DIU,463,DAMAN,973,5,2,980,264,16,2,282,1262
THE DADRA AND NAGAR HAVELI AND DAMAN AND DIU,464,DIU,187,3,NA,190,28,NA,NA,28,218
